action,projectSlug,unitNo,layoutCode,towerNumber,phaseName,floor,stack,displaySequence,builtUpSqft,landAreaSqft,dimensionText,facing,positionType,carparkCount,carparkLotNo,carparkType,lotTypeCode,bookingStatusCode,basePrice,finalPrice
create,paragon-signature-suite,A-11-01,TYPE_A,TOWER-1,,11,01,1,646.00,,,,,,,,,,,
create,paragon-signature-suite,A-11-02,TYPE_A,TOWER-1,,11,02,2,646.00,,,,,,,,,,,
create,paragon-signature-suite,A-11-03,TYPE_A,TOWER-1,,11,03,3,646.00,,,,,,,,,,,
create,paragon-signature-suite,A-11-05,TYPE_A,TOWER-1,,11,05,4,646.00,,,,,,,,,,,
create,paragon-signature-suite,A-11-06,TYPE_B,TOWER-1,,11,06,5,649.00,,,,,,,,,,,
create,paragon-signature-suite,A-11-07,TYPE_B,TOWER-1,,11,07,6,649.00,,,,,,,,,,,
create,paragon-signature-suite,A-11-08,TYPE_A,TOWER-1,,11,08,7,646.00,,,,,,,,,,,
create,paragon-signature-suite,A-11-09,TYPE_A,TOWER-1,,11,09,8,646.00,,,,,,,,,,,
create,paragon-signature-suite,A-11-10,TYPE_A,TOWER-1,,11,10,9,646.00,,,,,,,,,,,
create,paragon-signature-suite,A-11-11,TYPE_A,TOWER-1,,11,11,10,646.00,,,,,,,,,,,
create,paragon-signature-suite,A-11-12,TYPE_A,TOWER-1,,11,12,11,646.00,,,,,,,,,,,
create,paragon-signature-suite,A-11-13,TYPE_A,TOWER-1,,11,13,12,646.00,,,,,,,,,,,
create,paragon-signature-suite,A-11-15,TYPE_A,TOWER-1,,11,15,13,646.00,,,,,,,,,,,
create,paragon-signature-suite,A-11-16,TYPE_A,TOWER-1,,11,16,14,646.00,,,,,,,,,,,
create,paragon-signature-suite,A-11-17,TYPE_A,TOWER-1,,11,17,15,646.00,,,,,,,,,,,
create,paragon-signature-suite,A-11-18,TYPE_A,TOWER-1,,11,18,16,646.00,,,,,,,,,,,
create,paragon-signature-suite,A-11-19,TYPE_B,TOWER-1,,11,19,17,649.00,,,,,,,,,,,
create,paragon-signature-suite,A-11-20,TYPE_B,TOWER-1,,11,20,18,649.00,,,,,,,,,,,
create,paragon-signature-suite,A-11-21,TYPE_A,TOWER-1,,11,21,19,646.00,,,,,,,,,,,
create,paragon-signature-suite,A-11-22,TYPE_A,TOWER-1,,11,22,20,646.00,,,,,,,,,,,
create,paragon-signature-suite,A-11-23,TYPE_A,TOWER-1,,11,23,21,646.00,,,,,,,,,,,
create,paragon-signature-suite,A-11-25,TYPE_A,TOWER-1,,11,25,22,646.00,,,,,,,,,,,
create,paragon-signature-suite,A-12-01,TYPE_A,TOWER-1,,12,01,23,646.00,,,,,,,,,,,
create,paragon-signature-suite,A-12-02,TYPE_A,TOWER-1,,12,02,24,646.00,,,,,,,,,,,
create,paragon-signature-suite,A-12-03,TYPE_A,TOWER-1,,12,03,25,646.00,,,,,,,,,,,
create,paragon-signature-suite,A-12-05,TYPE_A,TOWER-1,,12,05,26,646.00,,,,,,,,,,,
create,paragon-signature-suite,A-12-06,TYPE_B,TOWER-1,,12,06,27,649.00,,,,,,,,,,,
create,paragon-signature-suite,A-12-07,TYPE_B,TOWER-1,,12,07,28,649.00,,,,,,,,,,,
create,paragon-signature-suite,A-12-08,TYPE_A,TOWER-1,,12,08,29,646.00,,,,,,,,,,,
create,paragon-signature-suite,A-12-09,TYPE_A,TOWER-1,,12,09,30,646.00,,,,,,,,,,,
create,paragon-signature-suite,A-12-10,TYPE_A,TOWER-1,,12,10,31,646.00,,,,,,,,,,,
create,paragon-signature-suite,A-12-11,TYPE_A,TOWER-1,,12,11,32,646.00,,,,,,,,,,,
create,paragon-signature-suite,A-12-12,TYPE_A,TOWER-1,,12,12,33,646.00,,,,,,,,,,,
create,paragon-signature-suite,A-12-13,TYPE_A,TOWER-1,,12,13,34,646.00,,,,,,,,,,,
create,paragon-signature-suite,A-12-15,TYPE_A,TOWER-1,,12,15,35,646.00,,,,,,,,,,,
create,paragon-signature-suite,A-12-16,TYPE_A,TOWER-1,,12,16,36,646.00,,,,,,,,,,,
create,paragon-signature-suite,A-12-17,TYPE_A,TOWER-1,,12,17,37,646.00,,,,,,,,,,,
create,paragon-signature-suite,A-12-18,TYPE_A,TOWER-1,,12,18,38,646.00,,,,,,,,,,,
create,paragon-signature-suite,A-12-19,TYPE_B,TOWER-1,,12,19,39,649.00,,,,,,,,,,,
create,paragon-signature-suite,A-12-20,TYPE_B,TOWER-1,,12,20,40,649.00,,,,,,,,,,,
create,paragon-signature-suite,A-12-21,TYPE_A,TOWER-1,,12,21,41,646.00,,,,,,,,,,,
create,paragon-signature-suite,A-12-22,TYPE_A,TOWER-1,,12,22,42,646.00,,,,,,,,,,,
create,paragon-signature-suite,A-12-23,TYPE_A,TOWER-1,,12,23,43,646.00,,,,,,,,,,,
create,paragon-signature-suite,A-12-25,TYPE_A,TOWER-1,,12,25,44,646.00,,,,,,,,,,,
create,paragon-signature-suite,A-13-01,TYPE_A,TOWER-1,,13,01,45,646.00,,,,,,,,,,,
create,paragon-signature-suite,A-13-02,TYPE_A,TOWER-1,,13,02,46,646.00,,,,,,,,,,,
create,paragon-signature-suite,A-13-03,TYPE_A,TOWER-1,,13,03,47,646.00,,,,,,,,,,,
create,paragon-signature-suite,A-13-05,TYPE_A,TOWER-1,,13,05,48,646.00,,,,,,,,,,,
create,paragon-signature-suite,A-13-06,TYPE_B,TOWER-1,,13,06,49,649.00,,,,,,,,,,,
create,paragon-signature-suite,A-13-07,TYPE_B,TOWER-1,,13,07,50,649.00,,,,,,,,,,,
create,paragon-signature-suite,A-13-08,TYPE_A,TOWER-1,,13,08,51,646.00,,,,,,,,,,,
create,paragon-signature-suite,A-13-09,TYPE_A,TOWER-1,,13,09,52,646.00,,,,,,,,,,,
create,paragon-signature-suite,A-13-10,TYPE_A,TOWER-1,,13,10,53,646.00,,,,,,,,,,,
create,paragon-signature-suite,A-13-11,TYPE_A,TOWER-1,,13,11,54,646.00,,,,,,,,,,,
create,paragon-signature-suite,A-13-12,TYPE_A,TOWER-1,,13,12,55,646.00,,,,,,,,,,,
create,paragon-signature-suite,A-13-13,TYPE_A,TOWER-1,,13,13,56,646.00,,,,,,,,,,,
create,paragon-signature-suite,A-13-15,TYPE_A,TOWER-1,,13,15,57,646.00,,,,,,,,,,,
create,paragon-signature-suite,A-13-16,TYPE_A,TOWER-1,,13,16,58,646.00,,,,,,,,,,,
create,paragon-signature-suite,A-13-17,TYPE_A,TOWER-1,,13,17,59,646.00,,,,,,,,,,,
create,paragon-signature-suite,A-13-18,TYPE_A,TOWER-1,,13,18,60,646.00,,,,,,,,,,,
create,paragon-signature-suite,A-13-19,TYPE_B,TOWER-1,,13,19,61,649.00,,,,,,,,,,,
create,paragon-signature-suite,A-13-20,TYPE_B,TOWER-1,,13,20,62,649.00,,,,,,,,,,,
create,paragon-signature-suite,A-13-21,TYPE_A,TOWER-1,,13,21,63,646.00,,,,,,,,,,,
create,paragon-signature-suite,A-13-22,TYPE_A,TOWER-1,,13,22,64,646.00,,,,,,,,,,,
create,paragon-signature-suite,A-13-23,TYPE_A,TOWER-1,,13,23,65,646.00,,,,,,,,,,,
create,paragon-signature-suite,A-13-25,TYPE_A,TOWER-1,,13,25,66,646.00,,,,,,,,,,,
create,paragon-signature-suite,A-14-01,TYPE_A,TOWER-1,,14,01,67,646.00,,,,,,,,,,,
create,paragon-signature-suite,A-14-02,TYPE_A,TOWER-1,,14,02,68,646.00,,,,,,,,,,,
create,paragon-signature-suite,A-14-03,TYPE_A,TOWER-1,,14,03,69,646.00,,,,,,,,,,,
create,paragon-signature-suite,A-14-05,TYPE_A,TOWER-1,,14,05,70,646.00,,,,,,,,,,,
create,paragon-signature-suite,A-14-06,TYPE_B,TOWER-1,,14,06,71,649.00,,,,,,,,,,,
create,paragon-signature-suite,A-14-07,TYPE_B,TOWER-1,,14,07,72,649.00,,,,,,,,,,,
create,paragon-signature-suite,A-14-08,TYPE_A,TOWER-1,,14,08,73,646.00,,,,,,,,,,,
create,paragon-signature-suite,A-14-09,TYPE_A,TOWER-1,,14,09,74,646.00,,,,,,,,,,,
create,paragon-signature-suite,A-14-10,TYPE_A,TOWER-1,,14,10,75,646.00,,,,,,,,,,,
create,paragon-signature-suite,A-14-11,TYPE_A,TOWER-1,,14,11,76,646.00,,,,,,,,,,,
create,paragon-signature-suite,A-14-12,TYPE_A,TOWER-1,,14,12,77,646.00,,,,,,,,,,,
create,paragon-signature-suite,A-14-13,TYPE_A,TOWER-1,,14,13,78,646.00,,,,,,,,,,,
create,paragon-signature-suite,A-14-15,TYPE_A,TOWER-1,,14,15,79,646.00,,,,,,,,,,,
create,paragon-signature-suite,A-14-16,TYPE_A,TOWER-1,,14,16,80,646.00,,,,,,,,,,,
create,paragon-signature-suite,A-14-17,TYPE_A,TOWER-1,,14,17,81,646.00,,,,,,,,,,,
create,paragon-signature-suite,A-14-18,TYPE_A,TOWER-1,,14,18,82,646.00,,,,,,,,,,,
create,paragon-signature-suite,A-14-19,TYPE_B,TOWER-1,,14,19,83,649.00,,,,,,,,,,,
create,paragon-signature-suite,A-14-20,TYPE_B,TOWER-1,,14,20,84,649.00,,,,,,,,,,,
create,paragon-signature-suite,A-14-21,TYPE_A,TOWER-1,,14,21,85,646.00,,,,,,,,,,,
create,paragon-signature-suite,A-14-22,TYPE_A,TOWER-1,,14,22,86,646.00,,,,,,,,,,,
create,paragon-signature-suite,A-14-23,TYPE_A,TOWER-1,,14,23,87,646.00,,,,,,,,,,,
create,paragon-signature-suite,A-14-25,TYPE_A,TOWER-1,,14,25,88,646.00,,,,,,,,,,,
create,paragon-signature-suite,A-15-01,TYPE_A,TOWER-1,,15,01,89,646.00,,,,,,,,,,,
create,paragon-signature-suite,A-15-02,TYPE_A,TOWER-1,,15,02,90,646.00,,,,,,,,,,,
create,paragon-signature-suite,A-15-03,TYPE_A,TOWER-1,,15,03,91,646.00,,,,,,,,,,,
create,paragon-signature-suite,A-15-05,TYPE_A,TOWER-1,,15,05,92,646.00,,,,,,,,,,,
create,paragon-signature-suite,A-15-06,TYPE_B,TOWER-1,,15,06,93,649.00,,,,,,,,,,,
create,paragon-signature-suite,A-15-07,TYPE_B,TOWER-1,,15,07,94,649.00,,,,,,,,,,,
create,paragon-signature-suite,A-15-08,TYPE_A,TOWER-1,,15,08,95,646.00,,,,,,,,,,,
create,paragon-signature-suite,A-15-09,TYPE_A,TOWER-1,,15,09,96,646.00,,,,,,,,,,,
create,paragon-signature-suite,A-15-10,TYPE_A,TOWER-1,,15,10,97,646.00,,,,,,,,,,,
create,paragon-signature-suite,A-15-11,TYPE_A,TOWER-1,,15,11,98,646.00,,,,,,,,,,,
create,paragon-signature-suite,A-15-12,TYPE_A,TOWER-1,,15,12,99,646.00,,,,,,,,,,,
create,paragon-signature-suite,A-15-13,TYPE_A,TOWER-1,,15,13,100,646.00,,,,,,,,,,,
create,paragon-signature-suite,A-15-15,TYPE_A,TOWER-1,,15,15,101,646.00,,,,,,,,,,,
create,paragon-signature-suite,A-15-16,TYPE_A,TOWER-1,,15,16,102,646.00,,,,,,,,,,,
create,paragon-signature-suite,A-15-17,TYPE_A,TOWER-1,,15,17,103,646.00,,,,,,,,,,,
create,paragon-signature-suite,A-15-18,TYPE_A,TOWER-1,,15,18,104,646.00,,,,,,,,,,,
create,paragon-signature-suite,A-15-19,TYPE_B,TOWER-1,,15,19,105,649.00,,,,,,,,,,,
create,paragon-signature-suite,A-15-20,TYPE_B,TOWER-1,,15,20,106,649.00,,,,,,,,,,,
create,paragon-signature-suite,A-15-21,TYPE_A,TOWER-1,,15,21,107,646.00,,,,,,,,,,,
create,paragon-signature-suite,A-15-22,TYPE_A,TOWER-1,,15,22,108,646.00,,,,,,,,,,,
create,paragon-signature-suite,A-15-23,TYPE_A,TOWER-1,,15,23,109,646.00,,,,,,,,,,,
create,paragon-signature-suite,A-15-25,TYPE_A,TOWER-1,,15,25,110,646.00,,,,,,,,,,,
create,paragon-signature-suite,A-16-01,TYPE_A,TOWER-1,,16,01,111,646.00,,,,,,,,,,,
create,paragon-signature-suite,A-16-02,TYPE_A,TOWER-1,,16,02,112,646.00,,,,,,,,,,,
create,paragon-signature-suite,A-16-03,TYPE_A,TOWER-1,,16,03,113,646.00,,,,,,,,,,,
create,paragon-signature-suite,A-16-05,TYPE_A,TOWER-1,,16,05,114,646.00,,,,,,,,,,,
create,paragon-signature-suite,A-16-06,TYPE_B,TOWER-1,,16,06,115,649.00,,,,,,,,,,,
create,paragon-signature-suite,A-16-07,TYPE_B,TOWER-1,,16,07,116,649.00,,,,,,,,,,,
create,paragon-signature-suite,A-16-08,TYPE_A,TOWER-1,,16,08,117,646.00,,,,,,,,,,,
create,paragon-signature-suite,A-16-09,TYPE_A,TOWER-1,,16,09,118,646.00,,,,,,,,,,,
create,paragon-signature-suite,A-16-10,TYPE_A,TOWER-1,,16,10,119,646.00,,,,,,,,,,,
create,paragon-signature-suite,A-16-11,TYPE_A,TOWER-1,,16,11,120,646.00,,,,,,,,,,,
create,paragon-signature-suite,A-16-12,TYPE_A,TOWER-1,,16,12,121,646.00,,,,,,,,,,,
create,paragon-signature-suite,A-16-13,TYPE_A,TOWER-1,,16,13,122,646.00,,,,,,,,,,,
create,paragon-signature-suite,A-16-15,TYPE_A,TOWER-1,,16,15,123,646.00,,,,,,,,,,,
create,paragon-signature-suite,A-16-16,TYPE_A,TOWER-1,,16,16,124,646.00,,,,,,,,,,,
create,paragon-signature-suite,A-16-17,TYPE_A,TOWER-1,,16,17,125,646.00,,,,,,,,,,,
create,paragon-signature-suite,A-16-18,TYPE_A,TOWER-1,,16,18,126,646.00,,,,,,,,,,,
create,paragon-signature-suite,A-16-19,TYPE_B,TOWER-1,,16,19,127,649.00,,,,,,,,,,,
create,paragon-signature-suite,A-16-20,TYPE_B,TOWER-1,,16,20,128,649.00,,,,,,,,,,,
create,paragon-signature-suite,A-16-21,TYPE_A,TOWER-1,,16,21,129,646.00,,,,,,,,,,,
create,paragon-signature-suite,A-16-22,TYPE_A,TOWER-1,,16,22,130,646.00,,,,,,,,,,,
create,paragon-signature-suite,A-16-23,TYPE_A,TOWER-1,,16,23,131,646.00,,,,,,,,,,,
create,paragon-signature-suite,A-16-25,TYPE_A,TOWER-1,,16,25,132,646.00,,,,,,,,,,,
create,paragon-signature-suite,A-17-01,TYPE_A,TOWER-1,,17,01,133,646.00,,,,,,,,,,,
create,paragon-signature-suite,A-17-02,TYPE_A,TOWER-1,,17,02,134,646.00,,,,,,,,,,,
create,paragon-signature-suite,A-17-03,TYPE_A,TOWER-1,,17,03,135,646.00,,,,,,,,,,,
create,paragon-signature-suite,A-17-05,TYPE_A,TOWER-1,,17,05,136,646.00,,,,,,,,,,,
create,paragon-signature-suite,A-17-06,TYPE_B,TOWER-1,,17,06,137,649.00,,,,,,,,,,,
create,paragon-signature-suite,A-17-07,TYPE_B,TOWER-1,,17,07,138,649.00,,,,,,,,,,,
create,paragon-signature-suite,A-17-08,TYPE_A,TOWER-1,,17,08,139,646.00,,,,,,,,,,,
create,paragon-signature-suite,A-17-09,TYPE_A,TOWER-1,,17,09,140,646.00,,,,,,,,,,,
create,paragon-signature-suite,A-17-10,TYPE_A,TOWER-1,,17,10,141,646.00,,,,,,,,,,,
create,paragon-signature-suite,A-17-11,TYPE_A,TOWER-1,,17,11,142,646.00,,,,,,,,,,,
create,paragon-signature-suite,A-17-12,TYPE_A,TOWER-1,,17,12,143,646.00,,,,,,,,,,,
create,paragon-signature-suite,A-17-13,TYPE_A,TOWER-1,,17,13,144,646.00,,,,,,,,,,,
create,paragon-signature-suite,A-17-15,TYPE_A,TOWER-1,,17,15,145,646.00,,,,,,,,,,,
create,paragon-signature-suite,A-17-16,TYPE_A,TOWER-1,,17,16,146,646.00,,,,,,,,,,,
create,paragon-signature-suite,A-17-17,TYPE_A,TOWER-1,,17,17,147,646.00,,,,,,,,,,,
create,paragon-signature-suite,A-17-18,TYPE_A,TOWER-1,,17,18,148,646.00,,,,,,,,,,,
create,paragon-signature-suite,A-17-19,TYPE_B,TOWER-1,,17,19,149,649.00,,,,,,,,,,,
create,paragon-signature-suite,A-17-20,TYPE_B,TOWER-1,,17,20,150,649.00,,,,,,,,,,,
create,paragon-signature-suite,A-17-21,TYPE_A,TOWER-1,,17,21,151,646.00,,,,,,,,,,,
create,paragon-signature-suite,A-17-22,TYPE_A,TOWER-1,,17,22,152,646.00,,,,,,,,,,,
create,paragon-signature-suite,A-17-23,TYPE_A,TOWER-1,,17,23,153,646.00,,,,,,,,,,,
create,paragon-signature-suite,A-17-25,TYPE_A,TOWER-1,,17,25,154,646.00,,,,,,,,,,,
create,paragon-signature-suite,A-18-01,TYPE_A,TOWER-1,,18,01,155,646.00,,,,,,,,,,,
create,paragon-signature-suite,A-18-02,TYPE_A,TOWER-1,,18,02,156,646.00,,,,,,,,,,,
create,paragon-signature-suite,A-18-03,TYPE_A,TOWER-1,,18,03,157,646.00,,,,,,,,,,,
create,paragon-signature-suite,A-18-05,TYPE_A,TOWER-1,,18,05,158,646.00,,,,,,,,,,,
create,paragon-signature-suite,A-18-06,TYPE_B,TOWER-1,,18,06,159,649.00,,,,,,,,,,,
create,paragon-signature-suite,A-18-07,TYPE_B,TOWER-1,,18,07,160,649.00,,,,,,,,,,,
create,paragon-signature-suite,A-18-08,TYPE_A,TOWER-1,,18,08,161,646.00,,,,,,,,,,,
create,paragon-signature-suite,A-18-09,TYPE_A,TOWER-1,,18,09,162,646.00,,,,,,,,,,,
create,paragon-signature-suite,A-18-10,TYPE_A,TOWER-1,,18,10,163,646.00,,,,,,,,,,,
create,paragon-signature-suite,A-18-11,TYPE_A,TOWER-1,,18,11,164,646.00,,,,,,,,,,,
create,paragon-signature-suite,A-18-12,TYPE_A,TOWER-1,,18,12,165,646.00,,,,,,,,,,,
create,paragon-signature-suite,A-18-13,TYPE_A,TOWER-1,,18,13,166,646.00,,,,,,,,,,,
create,paragon-signature-suite,A-18-15,TYPE_A,TOWER-1,,18,15,167,646.00,,,,,,,,,,,
create,paragon-signature-suite,A-18-16,TYPE_A,TOWER-1,,18,16,168,646.00,,,,,,,,,,,
create,paragon-signature-suite,A-18-17,TYPE_A,TOWER-1,,18,17,169,646.00,,,,,,,,,,,
create,paragon-signature-suite,A-18-18,TYPE_A,TOWER-1,,18,18,170,646.00,,,,,,,,,,,
create,paragon-signature-suite,A-18-19,TYPE_B,TOWER-1,,18,19,171,649.00,,,,,,,,,,,
create,paragon-signature-suite,A-18-20,TYPE_B,TOWER-1,,18,20,172,649.00,,,,,,,,,,,
create,paragon-signature-suite,A-18-21,TYPE_A,TOWER-1,,18,21,173,646.00,,,,,,,,,,,
create,paragon-signature-suite,A-18-22,TYPE_A,TOWER-1,,18,22,174,646.00,,,,,,,,,,,
create,paragon-signature-suite,A-18-23,TYPE_A,TOWER-1,,18,23,175,646.00,,,,,,,,,,,
create,paragon-signature-suite,A-18-25,TYPE_A,TOWER-1,,18,25,176,646.00,,,,,,,,,,,
create,paragon-signature-suite,A-19-01,TYPE_A,TOWER-1,,19,01,177,646.00,,,,,,,,,,,
create,paragon-signature-suite,A-19-02,TYPE_A,TOWER-1,,19,02,178,646.00,,,,,,,,,,,
create,paragon-signature-suite,A-19-03,TYPE_A,TOWER-1,,19,03,179,646.00,,,,,,,,,,,
create,paragon-signature-suite,A-19-05,TYPE_A,TOWER-1,,19,05,180,646.00,,,,,,,,,,,
create,paragon-signature-suite,A-19-06,TYPE_B,TOWER-1,,19,06,181,649.00,,,,,,,,,,,
create,paragon-signature-suite,A-19-07,TYPE_B,TOWER-1,,19,07,182,649.00,,,,,,,,,,,
create,paragon-signature-suite,A-19-08,TYPE_A,TOWER-1,,19,08,183,646.00,,,,,,,,,,,
create,paragon-signature-suite,A-19-09,TYPE_A,TOWER-1,,19,09,184,646.00,,,,,,,,,,,
create,paragon-signature-suite,A-19-10,TYPE_A,TOWER-1,,19,10,185,646.00,,,,,,,,,,,
create,paragon-signature-suite,A-19-11,TYPE_A,TOWER-1,,19,11,186,646.00,,,,,,,,,,,
create,paragon-signature-suite,A-19-12,TYPE_A,TOWER-1,,19,12,187,646.00,,,,,,,,,,,
create,paragon-signature-suite,A-19-13,TYPE_A,TOWER-1,,19,13,188,646.00,,,,,,,,,,,
create,paragon-signature-suite,A-19-15,TYPE_A,TOWER-1,,19,15,189,646.00,,,,,,,,,,,
create,paragon-signature-suite,A-19-16,TYPE_A,TOWER-1,,19,16,190,646.00,,,,,,,,,,,
create,paragon-signature-suite,A-19-17,TYPE_A,TOWER-1,,19,17,191,646.00,,,,,,,,,,,
create,paragon-signature-suite,A-19-18,TYPE_A,TOWER-1,,19,18,192,646.00,,,,,,,,,,,
create,paragon-signature-suite,A-19-19,TYPE_B,TOWER-1,,19,19,193,649.00,,,,,,,,,,,
create,paragon-signature-suite,A-19-20,TYPE_B,TOWER-1,,19,20,194,649.00,,,,,,,,,,,
create,paragon-signature-suite,A-19-21,TYPE_A,TOWER-1,,19,21,195,646.00,,,,,,,,,,,
create,paragon-signature-suite,A-19-22,TYPE_A,TOWER-1,,19,22,196,646.00,,,,,,,,,,,
create,paragon-signature-suite,A-19-23,TYPE_A,TOWER-1,,19,23,197,646.00,,,,,,,,,,,
create,paragon-signature-suite,A-19-25,TYPE_A,TOWER-1,,19,25,198,646.00,,,,,,,,,,,
create,paragon-signature-suite,A-20-01,TYPE_A,TOWER-1,,20,01,199,646.00,,,,,,,,,,,
create,paragon-signature-suite,A-20-02,TYPE_A,TOWER-1,,20,02,200,646.00,,,,,,,,,,,
create,paragon-signature-suite,A-20-03,TYPE_A,TOWER-1,,20,03,201,646.00,,,,,,,,,,,
create,paragon-signature-suite,A-20-05,TYPE_A,TOWER-1,,20,05,202,646.00,,,,,,,,,,,
create,paragon-signature-suite,A-20-06,TYPE_B,TOWER-1,,20,06,203,649.00,,,,,,,,,,,
create,paragon-signature-suite,A-20-07,TYPE_B,TOWER-1,,20,07,204,649.00,,,,,,,,,,,
create,paragon-signature-suite,A-20-08,TYPE_A,TOWER-1,,20,08,205,646.00,,,,,,,,,,,
create,paragon-signature-suite,A-20-09,TYPE_A,TOWER-1,,20,09,206,646.00,,,,,,,,,,,
create,paragon-signature-suite,A-20-10,TYPE_A,TOWER-1,,20,10,207,646.00,,,,,,,,,,,
create,paragon-signature-suite,A-20-11,TYPE_A,TOWER-1,,20,11,208,646.00,,,,,,,,,,,
create,paragon-signature-suite,A-20-12,TYPE_A,TOWER-1,,20,12,209,646.00,,,,,,,,,,,
create,paragon-signature-suite,A-20-13,TYPE_A,TOWER-1,,20,13,210,646.00,,,,,,,,,,,
create,paragon-signature-suite,A-20-15,TYPE_A,TOWER-1,,20,15,211,646.00,,,,,,,,,,,
create,paragon-signature-suite,A-20-16,TYPE_A,TOWER-1,,20,16,212,646.00,,,,,,,,,,,
create,paragon-signature-suite,A-20-17,TYPE_A,TOWER-1,,20,17,213,646.00,,,,,,,,,,,
create,paragon-signature-suite,A-20-18,TYPE_A,TOWER-1,,20,18,214,646.00,,,,,,,,,,,
create,paragon-signature-suite,A-20-19,TYPE_B,TOWER-1,,20,19,215,649.00,,,,,,,,,,,
create,paragon-signature-suite,A-20-20,TYPE_B,TOWER-1,,20,20,216,649.00,,,,,,,,,,,
create,paragon-signature-suite,A-20-21,TYPE_A,TOWER-1,,20,21,217,646.00,,,,,,,,,,,
create,paragon-signature-suite,A-20-22,TYPE_A,TOWER-1,,20,22,218,646.00,,,,,,,,,,,
create,paragon-signature-suite,A-20-23,TYPE_A,TOWER-1,,20,23,219,646.00,,,,,,,,,,,
create,paragon-signature-suite,A-20-25,TYPE_A,TOWER-1,,20,25,220,646.00,,,,,,,,,,,
create,paragon-signature-suite,A-21-01,TYPE_A,TOWER-1,,21,01,221,646.00,,,,,,,,,,,
create,paragon-signature-suite,A-21-02,TYPE_A,TOWER-1,,21,02,222,646.00,,,,,,,,,,,
create,paragon-signature-suite,A-21-03,TYPE_A,TOWER-1,,21,03,223,646.00,,,,,,,,,,,
create,paragon-signature-suite,A-21-05,TYPE_A,TOWER-1,,21,05,224,646.00,,,,,,,,,,,
create,paragon-signature-suite,A-21-06,TYPE_B,TOWER-1,,21,06,225,649.00,,,,,,,,,,,
create,paragon-signature-suite,A-21-07,TYPE_B,TOWER-1,,21,07,226,649.00,,,,,,,,,,,
create,paragon-signature-suite,A-21-08,TYPE_A,TOWER-1,,21,08,227,646.00,,,,,,,,,,,
create,paragon-signature-suite,A-21-09,TYPE_A,TOWER-1,,21,09,228,646.00,,,,,,,,,,,
create,paragon-signature-suite,A-21-10,TYPE_A,TOWER-1,,21,10,229,646.00,,,,,,,,,,,
create,paragon-signature-suite,A-21-11,TYPE_A,TOWER-1,,21,11,230,646.00,,,,,,,,,,,
create,paragon-signature-suite,A-21-12,TYPE_A,TOWER-1,,21,12,231,646.00,,,,,,,,,,,
create,paragon-signature-suite,A-21-13,TYPE_A,TOWER-1,,21,13,232,646.00,,,,,,,,,,,
create,paragon-signature-suite,A-21-15,TYPE_A,TOWER-1,,21,15,233,646.00,,,,,,,,,,,
create,paragon-signature-suite,A-21-16,TYPE_A,TOWER-1,,21,16,234,646.00,,,,,,,,,,,
create,paragon-signature-suite,A-21-17,TYPE_A,TOWER-1,,21,17,235,646.00,,,,,,,,,,,
create,paragon-signature-suite,A-21-18,TYPE_A,TOWER-1,,21,18,236,646.00,,,,,,,,,,,
create,paragon-signature-suite,A-21-19,TYPE_B,TOWER-1,,21,19,237,649.00,,,,,,,,,,,
create,paragon-signature-suite,A-21-20,TYPE_B,TOWER-1,,21,20,238,649.00,,,,,,,,,,,
create,paragon-signature-suite,A-21-21,TYPE_A,TOWER-1,,21,21,239,646.00,,,,,,,,,,,
create,paragon-signature-suite,A-21-22,TYPE_A,TOWER-1,,21,22,240,646.00,,,,,,,,,,,
create,paragon-signature-suite,A-21-23,TYPE_A,TOWER-1,,21,23,241,646.00,,,,,,,,,,,
create,paragon-signature-suite,A-21-25,TYPE_A,TOWER-1,,21,25,242,646.00,,,,,,,,,,,
create,paragon-signature-suite,A-22-01,TYPE_A,TOWER-1,,22,01,243,646.00,,,,,,,,,,,
create,paragon-signature-suite,A-22-02,TYPE_A,TOWER-1,,22,02,244,646.00,,,,,,,,,,,
create,paragon-signature-suite,A-22-03,TYPE_A,TOWER-1,,22,03,245,646.00,,,,,,,,,,,
create,paragon-signature-suite,A-22-05,TYPE_A,TOWER-1,,22,05,246,646.00,,,,,,,,,,,
create,paragon-signature-suite,A-22-06,TYPE_B,TOWER-1,,22,06,247,649.00,,,,,,,,,,,
create,paragon-signature-suite,A-22-07,TYPE_B,TOWER-1,,22,07,248,649.00,,,,,,,,,,,
create,paragon-signature-suite,A-22-08,TYPE_A,TOWER-1,,22,08,249,646.00,,,,,,,,,,,
create,paragon-signature-suite,A-22-09,TYPE_A,TOWER-1,,22,09,250,646.00,,,,,,,,,,,
create,paragon-signature-suite,A-22-10,TYPE_A,TOWER-1,,22,10,251,646.00,,,,,,,,,,,
create,paragon-signature-suite,A-22-11,TYPE_A,TOWER-1,,22,11,252,646.00,,,,,,,,,,,
create,paragon-signature-suite,A-22-12,TYPE_A,TOWER-1,,22,12,253,646.00,,,,,,,,,,,
create,paragon-signature-suite,A-22-13,TYPE_A,TOWER-1,,22,13,254,646.00,,,,,,,,,,,
create,paragon-signature-suite,A-22-15,TYPE_A,TOWER-1,,22,15,255,646.00,,,,,,,,,,,
create,paragon-signature-suite,A-22-16,TYPE_A,TOWER-1,,22,16,256,646.00,,,,,,,,,,,
create,paragon-signature-suite,A-22-17,TYPE_A,TOWER-1,,22,17,257,646.00,,,,,,,,,,,
create,paragon-signature-suite,A-22-18,TYPE_A,TOWER-1,,22,18,258,646.00,,,,,,,,,,,
create,paragon-signature-suite,A-22-19,TYPE_B,TOWER-1,,22,19,259,649.00,,,,,,,,,,,
create,paragon-signature-suite,A-22-20,TYPE_B,TOWER-1,,22,20,260,649.00,,,,,,,,,,,
create,paragon-signature-suite,A-22-21,TYPE_A,TOWER-1,,22,21,261,646.00,,,,,,,,,,,
create,paragon-signature-suite,A-22-22,TYPE_A,TOWER-1,,22,22,262,646.00,,,,,,,,,,,
create,paragon-signature-suite,A-22-23,TYPE_A,TOWER-1,,22,23,263,646.00,,,,,,,,,,,
create,paragon-signature-suite,A-22-25,TYPE_A,TOWER-1,,22,25,264,646.00,,,,,,,,,,,
create,paragon-signature-suite,A-23-01,TYPE_A,TOWER-1,,23,01,265,646.00,,,,,,,,,,,
create,paragon-signature-suite,A-23-02,TYPE_A,TOWER-1,,23,02,266,646.00,,,,,,,,,,,
create,paragon-signature-suite,A-23-03,TYPE_A,TOWER-1,,23,03,267,646.00,,,,,,,,,,,
create,paragon-signature-suite,A-23-05,TYPE_A,TOWER-1,,23,05,268,646.00,,,,,,,,,,,
create,paragon-signature-suite,A-23-06,TYPE_B,TOWER-1,,23,06,269,649.00,,,,,,,,,,,
create,paragon-signature-suite,A-23-07,TYPE_B,TOWER-1,,23,07,270,649.00,,,,,,,,,,,
create,paragon-signature-suite,A-23-08,TYPE_A,TOWER-1,,23,08,271,646.00,,,,,,,,,,,
create,paragon-signature-suite,A-23-09,TYPE_A,TOWER-1,,23,09,272,646.00,,,,,,,,,,,
create,paragon-signature-suite,A-23-10,TYPE_A,TOWER-1,,23,10,273,646.00,,,,,,,,,,,
create,paragon-signature-suite,A-23-11,TYPE_A,TOWER-1,,23,11,274,646.00,,,,,,,,,,,
create,paragon-signature-suite,A-23-12,TYPE_A,TOWER-1,,23,12,275,646.00,,,,,,,,,,,
create,paragon-signature-suite,A-23-13,TYPE_A,TOWER-1,,23,13,276,646.00,,,,,,,,,,,
create,paragon-signature-suite,A-23-15,TYPE_A,TOWER-1,,23,15,277,646.00,,,,,,,,,,,
create,paragon-signature-suite,A-23-16,TYPE_A,TOWER-1,,23,16,278,646.00,,,,,,,,,,,
create,paragon-signature-suite,A-23-17,TYPE_A,TOWER-1,,23,17,279,646.00,,,,,,,,,,,
create,paragon-signature-suite,A-23-18,TYPE_A,TOWER-1,,23,18,280,646.00,,,,,,,,,,,
create,paragon-signature-suite,A-23-19,TYPE_B,TOWER-1,,23,19,281,649.00,,,,,,,,,,,
create,paragon-signature-suite,A-23-20,TYPE_B,TOWER-1,,23,20,282,649.00,,,,,,,,,,,
create,paragon-signature-suite,A-23-21,TYPE_A,TOWER-1,,23,21,283,646.00,,,,,,,,,,,
create,paragon-signature-suite,A-23-22,TYPE_A,TOWER-1,,23,22,284,646.00,,,,,,,,,,,
create,paragon-signature-suite,A-23-23,TYPE_A,TOWER-1,,23,23,285,646.00,,,,,,,,,,,
create,paragon-signature-suite,A-23-25,TYPE_A,TOWER-1,,23,25,286,646.00,,,,,,,,,,,
create,paragon-signature-suite,A-24-01,TYPE_A,TOWER-1,,24,01,287,646.00,,,,,,,,,,,
create,paragon-signature-suite,A-24-02,TYPE_A,TOWER-1,,24,02,288,646.00,,,,,,,,,,,
create,paragon-signature-suite,A-24-03,TYPE_A,TOWER-1,,24,03,289,646.00,,,,,,,,,,,
create,paragon-signature-suite,A-24-05,TYPE_A,TOWER-1,,24,05,290,646.00,,,,,,,,,,,
create,paragon-signature-suite,A-24-06,TYPE_B,TOWER-1,,24,06,291,649.00,,,,,,,,,,,
create,paragon-signature-suite,A-24-07,TYPE_B,TOWER-1,,24,07,292,649.00,,,,,,,,,,,
create,paragon-signature-suite,A-24-08,TYPE_A,TOWER-1,,24,08,293,646.00,,,,,,,,,,,
create,paragon-signature-suite,A-24-09,TYPE_A,TOWER-1,,24,09,294,646.00,,,,,,,,,,,
create,paragon-signature-suite,A-24-10,TYPE_A,TOWER-1,,24,10,295,646.00,,,,,,,,,,,
create,paragon-signature-suite,A-24-11,TYPE_A,TOWER-1,,24,11,296,646.00,,,,,,,,,,,
create,paragon-signature-suite,A-24-12,TYPE_A,TOWER-1,,24,12,297,646.00,,,,,,,,,,,
create,paragon-signature-suite,A-24-13,TYPE_A,TOWER-1,,24,13,298,646.00,,,,,,,,,,,
create,paragon-signature-suite,A-24-15,TYPE_A,TOWER-1,,24,15,299,646.00,,,,,,,,,,,
create,paragon-signature-suite,A-24-16,TYPE_A,TOWER-1,,24,16,300,646.00,,,,,,,,,,,
create,paragon-signature-suite,A-24-17,TYPE_A,TOWER-1,,24,17,301,646.00,,,,,,,,,,,
create,paragon-signature-suite,A-24-18,TYPE_A,TOWER-1,,24,18,302,646.00,,,,,,,,,,,
create,paragon-signature-suite,A-24-19,TYPE_B,TOWER-1,,24,19,303,649.00,,,,,,,,,,,
create,paragon-signature-suite,A-24-20,TYPE_B,TOWER-1,,24,20,304,649.00,,,,,,,,,,,
create,paragon-signature-suite,A-24-21,TYPE_A,TOWER-1,,24,21,305,646.00,,,,,,,,,,,
create,paragon-signature-suite,A-24-22,TYPE_A,TOWER-1,,24,22,306,646.00,,,,,,,,,,,
create,paragon-signature-suite,A-24-23,TYPE_A,TOWER-1,,24,23,307,646.00,,,,,,,,,,,
create,paragon-signature-suite,A-24-25,TYPE_A,TOWER-1,,24,25,308,646.00,,,,,,,,,,,
create,paragon-signature-suite,A-25-01,TYPE_A,TOWER-1,,25,01,309,646.00,,,,,,,,,,,
create,paragon-signature-suite,A-25-02,TYPE_A,TOWER-1,,25,02,310,646.00,,,,,,,,,,,
create,paragon-signature-suite,A-25-03,TYPE_A,TOWER-1,,25,03,311,646.00,,,,,,,,,,,
create,paragon-signature-suite,A-25-05,TYPE_A,TOWER-1,,25,05,312,646.00,,,,,,,,,,,
create,paragon-signature-suite,A-25-06,TYPE_B,TOWER-1,,25,06,313,649.00,,,,,,,,,,,
create,paragon-signature-suite,A-25-07,TYPE_B,TOWER-1,,25,07,314,649.00,,,,,,,,,,,
create,paragon-signature-suite,A-25-08,TYPE_A,TOWER-1,,25,08,315,646.00,,,,,,,,,,,
create,paragon-signature-suite,A-25-09,TYPE_A,TOWER-1,,25,09,316,646.00,,,,,,,,,,,
create,paragon-signature-suite,A-25-10,TYPE_A,TOWER-1,,25,10,317,646.00,,,,,,,,,,,
create,paragon-signature-suite,A-25-11,TYPE_A,TOWER-1,,25,11,318,646.00,,,,,,,,,,,
create,paragon-signature-suite,A-25-12,TYPE_A,TOWER-1,,25,12,319,646.00,,,,,,,,,,,
create,paragon-signature-suite,A-25-13,TYPE_A,TOWER-1,,25,13,320,646.00,,,,,,,,,,,
create,paragon-signature-suite,A-25-15,TYPE_A,TOWER-1,,25,15,321,646.00,,,,,,,,,,,
create,paragon-signature-suite,A-25-16,TYPE_A,TOWER-1,,25,16,322,646.00,,,,,,,,,,,
create,paragon-signature-suite,A-25-17,TYPE_A,TOWER-1,,25,17,323,646.00,,,,,,,,,,,
create,paragon-signature-suite,A-25-18,TYPE_A,TOWER-1,,25,18,324,646.00,,,,,,,,,,,
create,paragon-signature-suite,A-25-19,TYPE_B,TOWER-1,,25,19,325,649.00,,,,,,,,,,,
create,paragon-signature-suite,A-25-20,TYPE_B,TOWER-1,,25,20,326,649.00,,,,,,,,,,,
create,paragon-signature-suite,A-25-21,TYPE_A,TOWER-1,,25,21,327,646.00,,,,,,,,,,,
create,paragon-signature-suite,A-25-22,TYPE_A,TOWER-1,,25,22,328,646.00,,,,,,,,,,,
create,paragon-signature-suite,A-25-23,TYPE_A,TOWER-1,,25,23,329,646.00,,,,,,,,,,,
create,paragon-signature-suite,A-25-25,TYPE_A,TOWER-1,,25,25,330,646.00,,,,,,,,,,,
create,paragon-signature-suite,A-26-01,TYPE_A,TOWER-1,,26,01,331,646.00,,,,,,,,,,,
create,paragon-signature-suite,A-26-02,TYPE_A,TOWER-1,,26,02,332,646.00,,,,,,,,,,,
create,paragon-signature-suite,A-26-03,TYPE_A,TOWER-1,,26,03,333,646.00,,,,,,,,,,,
create,paragon-signature-suite,A-26-05,TYPE_A,TOWER-1,,26,05,334,646.00,,,,,,,,,,,
create,paragon-signature-suite,A-26-06,TYPE_B,TOWER-1,,26,06,335,649.00,,,,,,,,,,,
create,paragon-signature-suite,A-26-07,TYPE_B,TOWER-1,,26,07,336,649.00,,,,,,,,,,,
create,paragon-signature-suite,A-26-08,TYPE_A,TOWER-1,,26,08,337,646.00,,,,,,,,,,,
create,paragon-signature-suite,A-26-09,TYPE_A,TOWER-1,,26,09,338,646.00,,,,,,,,,,,
create,paragon-signature-suite,A-26-10,TYPE_A,TOWER-1,,26,10,339,646.00,,,,,,,,,,,
create,paragon-signature-suite,A-26-11,TYPE_A,TOWER-1,,26,11,340,646.00,,,,,,,,,,,
create,paragon-signature-suite,A-26-12,TYPE_A,TOWER-1,,26,12,341,646.00,,,,,,,,,,,
create,paragon-signature-suite,A-26-13,TYPE_A,TOWER-1,,26,13,342,646.00,,,,,,,,,,,
create,paragon-signature-suite,A-26-15,TYPE_A,TOWER-1,,26,15,343,646.00,,,,,,,,,,,
create,paragon-signature-suite,A-26-16,TYPE_A,TOWER-1,,26,16,344,646.00,,,,,,,,,,,
create,paragon-signature-suite,A-26-17,TYPE_A,TOWER-1,,26,17,345,646.00,,,,,,,,,,,
create,paragon-signature-suite,A-26-18,TYPE_A,TOWER-1,,26,18,346,646.00,,,,,,,,,,,
create,paragon-signature-suite,A-26-19,TYPE_B,TOWER-1,,26,19,347,649.00,,,,,,,,,,,
create,paragon-signature-suite,A-26-20,TYPE_B,TOWER-1,,26,20,348,649.00,,,,,,,,,,,
create,paragon-signature-suite,A-26-21,TYPE_A,TOWER-1,,26,21,349,646.00,,,,,,,,,,,
create,paragon-signature-suite,A-26-22,TYPE_A,TOWER-1,,26,22,350,646.00,,,,,,,,,,,
create,paragon-signature-suite,A-26-23,TYPE_A,TOWER-1,,26,23,351,646.00,,,,,,,,,,,
create,paragon-signature-suite,A-26-25,TYPE_A,TOWER-1,,26,25,352,646.00,,,,,,,,,,,
create,paragon-signature-suite,A-27-01,TYPE_A,TOWER-1,,27,01,353,646.00,,,,,,,,,,,
create,paragon-signature-suite,A-27-02,TYPE_A,TOWER-1,,27,02,354,646.00,,,,,,,,,,,
create,paragon-signature-suite,A-27-03,TYPE_A,TOWER-1,,27,03,355,646.00,,,,,,,,,,,
create,paragon-signature-suite,A-27-05,TYPE_A,TOWER-1,,27,05,356,646.00,,,,,,,,,,,
create,paragon-signature-suite,A-27-06,TYPE_B,TOWER-1,,27,06,357,649.00,,,,,,,,,,,
create,paragon-signature-suite,A-27-07,TYPE_B,TOWER-1,,27,07,358,649.00,,,,,,,,,,,
create,paragon-signature-suite,A-27-08,TYPE_A,TOWER-1,,27,08,359,646.00,,,,,,,,,,,
create,paragon-signature-suite,A-27-09,TYPE_A,TOWER-1,,27,09,360,646.00,,,,,,,,,,,
create,paragon-signature-suite,A-27-10,TYPE_A,TOWER-1,,27,10,361,646.00,,,,,,,,,,,
create,paragon-signature-suite,A-27-11,TYPE_A,TOWER-1,,27,11,362,646.00,,,,,,,,,,,
create,paragon-signature-suite,A-27-12,TYPE_A,TOWER-1,,27,12,363,646.00,,,,,,,,,,,
create,paragon-signature-suite,A-27-13,TYPE_A,TOWER-1,,27,13,364,646.00,,,,,,,,,,,
create,paragon-signature-suite,A-27-15,TYPE_A,TOWER-1,,27,15,365,646.00,,,,,,,,,,,
create,paragon-signature-suite,A-27-16,TYPE_A,TOWER-1,,27,16,366,646.00,,,,,,,,,,,
create,paragon-signature-suite,A-27-17,TYPE_A,TOWER-1,,27,17,367,646.00,,,,,,,,,,,
create,paragon-signature-suite,A-27-18,TYPE_A,TOWER-1,,27,18,368,646.00,,,,,,,,,,,
create,paragon-signature-suite,A-27-19,TYPE_B,TOWER-1,,27,19,369,649.00,,,,,,,,,,,
create,paragon-signature-suite,A-27-20,TYPE_B,TOWER-1,,27,20,370,649.00,,,,,,,,,,,
create,paragon-signature-suite,A-27-21,TYPE_A,TOWER-1,,27,21,371,646.00,,,,,,,,,,,
create,paragon-signature-suite,A-27-22,TYPE_A,TOWER-1,,27,22,372,646.00,,,,,,,,,,,
create,paragon-signature-suite,A-27-23,TYPE_A,TOWER-1,,27,23,373,646.00,,,,,,,,,,,
create,paragon-signature-suite,A-27-25,TYPE_A,TOWER-1,,27,25,374,646.00,,,,,,,,,,,
create,paragon-signature-suite,A-28-01,TYPE_A,TOWER-1,,28,01,375,646.00,,,,,,,,,,,
create,paragon-signature-suite,A-28-02,TYPE_A,TOWER-1,,28,02,376,646.00,,,,,,,,,,,
create,paragon-signature-suite,A-28-03,TYPE_A,TOWER-1,,28,03,377,646.00,,,,,,,,,,,
create,paragon-signature-suite,A-28-05,TYPE_A,TOWER-1,,28,05,378,646.00,,,,,,,,,,,
create,paragon-signature-suite,A-28-06,TYPE_B,TOWER-1,,28,06,379,649.00,,,,,,,,,,,
create,paragon-signature-suite,A-28-07,TYPE_B,TOWER-1,,28,07,380,649.00,,,,,,,,,,,
create,paragon-signature-suite,A-28-08,TYPE_A,TOWER-1,,28,08,381,646.00,,,,,,,,,,,
create,paragon-signature-suite,A-28-09,TYPE_A,TOWER-1,,28,09,382,646.00,,,,,,,,,,,
create,paragon-signature-suite,A-28-10,TYPE_A,TOWER-1,,28,10,383,646.00,,,,,,,,,,,
create,paragon-signature-suite,A-28-11,TYPE_A,TOWER-1,,28,11,384,646.00,,,,,,,,,,,
create,paragon-signature-suite,A-28-12,TYPE_A,TOWER-1,,28,12,385,646.00,,,,,,,,,,,
create,paragon-signature-suite,A-28-13,TYPE_A,TOWER-1,,28,13,386,646.00,,,,,,,,,,,
create,paragon-signature-suite,A-28-15,TYPE_A,TOWER-1,,28,15,387,646.00,,,,,,,,,,,
create,paragon-signature-suite,A-28-16,TYPE_A,TOWER-1,,28,16,388,646.00,,,,,,,,,,,
create,paragon-signature-suite,A-28-17,TYPE_A,TOWER-1,,28,17,389,646.00,,,,,,,,,,,
create,paragon-signature-suite,A-28-18,TYPE_A,TOWER-1,,28,18,390,646.00,,,,,,,,,,,
create,paragon-signature-suite,A-28-19,TYPE_B,TOWER-1,,28,19,391,649.00,,,,,,,,,,,
create,paragon-signature-suite,A-28-20,TYPE_B,TOWER-1,,28,20,392,649.00,,,,,,,,,,,
create,paragon-signature-suite,A-28-21,TYPE_A,TOWER-1,,28,21,393,646.00,,,,,,,,,,,
create,paragon-signature-suite,A-28-22,TYPE_A,TOWER-1,,28,22,394,646.00,,,,,,,,,,,
create,paragon-signature-suite,A-28-23,TYPE_A,TOWER-1,,28,23,395,646.00,,,,,,,,,,,
create,paragon-signature-suite,A-28-25,TYPE_A,TOWER-1,,28,25,396,646.00,,,,,,,,,,,
create,paragon-signature-suite,A-29-01,TYPE_A,TOWER-1,,29,01,397,646.00,,,,,,,,,,,
create,paragon-signature-suite,A-29-02,TYPE_A,TOWER-1,,29,02,398,646.00,,,,,,,,,,,
create,paragon-signature-suite,A-29-03,TYPE_A,TOWER-1,,29,03,399,646.00,,,,,,,,,,,
create,paragon-signature-suite,A-29-05,TYPE_A,TOWER-1,,29,05,400,646.00,,,,,,,,,,,
create,paragon-signature-suite,A-29-06,TYPE_B,TOWER-1,,29,06,401,649.00,,,,,,,,,,,
create,paragon-signature-suite,A-29-07,TYPE_B,TOWER-1,,29,07,402,649.00,,,,,,,,,,,
create,paragon-signature-suite,A-29-08,TYPE_A,TOWER-1,,29,08,403,646.00,,,,,,,,,,,
create,paragon-signature-suite,A-29-09,TYPE_A,TOWER-1,,29,09,404,646.00,,,,,,,,,,,
create,paragon-signature-suite,A-29-10,TYPE_A,TOWER-1,,29,10,405,646.00,,,,,,,,,,,
create,paragon-signature-suite,A-29-11,TYPE_A,TOWER-1,,29,11,406,646.00,,,,,,,,,,,
create,paragon-signature-suite,A-29-12,TYPE_A,TOWER-1,,29,12,407,646.00,,,,,,,,,,,
create,paragon-signature-suite,A-29-13,TYPE_A,TOWER-1,,29,13,408,646.00,,,,,,,,,,,
create,paragon-signature-suite,A-29-15,TYPE_A,TOWER-1,,29,15,409,646.00,,,,,,,,,,,
create,paragon-signature-suite,A-29-16,TYPE_A,TOWER-1,,29,16,410,646.00,,,,,,,,,,,
create,paragon-signature-suite,A-29-17,TYPE_A,TOWER-1,,29,17,411,646.00,,,,,,,,,,,
create,paragon-signature-suite,A-29-18,TYPE_A,TOWER-1,,29,18,412,646.00,,,,,,,,,,,
create,paragon-signature-suite,A-29-19,TYPE_B,TOWER-1,,29,19,413,649.00,,,,,,,,,,,
create,paragon-signature-suite,A-29-20,TYPE_B,TOWER-1,,29,20,414,649.00,,,,,,,,,,,
create,paragon-signature-suite,A-29-21,TYPE_A,TOWER-1,,29,21,415,646.00,,,,,,,,,,,
create,paragon-signature-suite,A-29-22,TYPE_A,TOWER-1,,29,22,416,646.00,,,,,,,,,,,
create,paragon-signature-suite,A-29-23,TYPE_A,TOWER-1,,29,23,417,646.00,,,,,,,,,,,
create,paragon-signature-suite,A-29-25,TYPE_A,TOWER-1,,29,25,418,646.00,,,,,,,,,,,
create,paragon-signature-suite,A-30-01,TYPE_A,TOWER-1,,30,01,419,646.00,,,,,,,,,,,
create,paragon-signature-suite,A-30-02,TYPE_A,TOWER-1,,30,02,420,646.00,,,,,,,,,,,
create,paragon-signature-suite,A-30-03,TYPE_A,TOWER-1,,30,03,421,646.00,,,,,,,,,,,
create,paragon-signature-suite,A-30-05,TYPE_A,TOWER-1,,30,05,422,646.00,,,,,,,,,,,
create,paragon-signature-suite,A-30-06,TYPE_B,TOWER-1,,30,06,423,649.00,,,,,,,,,,,
create,paragon-signature-suite,A-30-07,TYPE_B,TOWER-1,,30,07,424,649.00,,,,,,,,,,,
create,paragon-signature-suite,A-30-08,TYPE_A,TOWER-1,,30,08,425,646.00,,,,,,,,,,,
create,paragon-signature-suite,A-30-09,TYPE_A,TOWER-1,,30,09,426,646.00,,,,,,,,,,,
create,paragon-signature-suite,A-30-10,TYPE_A,TOWER-1,,30,10,427,646.00,,,,,,,,,,,
create,paragon-signature-suite,A-30-11,TYPE_A,TOWER-1,,30,11,428,646.00,,,,,,,,,,,
create,paragon-signature-suite,A-30-12,TYPE_A,TOWER-1,,30,12,429,646.00,,,,,,,,,,,
create,paragon-signature-suite,A-30-13,TYPE_A,TOWER-1,,30,13,430,646.00,,,,,,,,,,,
create,paragon-signature-suite,A-30-15,TYPE_A,TOWER-1,,30,15,431,646.00,,,,,,,,,,,
create,paragon-signature-suite,A-30-16,TYPE_A,TOWER-1,,30,16,432,646.00,,,,,,,,,,,
create,paragon-signature-suite,A-30-17,TYPE_A,TOWER-1,,30,17,433,646.00,,,,,,,,,,,
create,paragon-signature-suite,A-30-18,TYPE_A,TOWER-1,,30,18,434,646.00,,,,,,,,,,,
create,paragon-signature-suite,A-30-19,TYPE_B,TOWER-1,,30,19,435,649.00,,,,,,,,,,,
create,paragon-signature-suite,A-30-20,TYPE_B,TOWER-1,,30,20,436,649.00,,,,,,,,,,,
create,paragon-signature-suite,A-30-21,TYPE_A,TOWER-1,,30,21,437,646.00,,,,,,,,,,,
create,paragon-signature-suite,A-30-22,TYPE_A,TOWER-1,,30,22,438,646.00,,,,,,,,,,,
create,paragon-signature-suite,A-30-23,TYPE_A,TOWER-1,,30,23,439,646.00,,,,,,,,,,,
create,paragon-signature-suite,A-30-25,TYPE_A,TOWER-1,,30,25,440,646.00,,,,,,,,,,,
create,paragon-signature-suite,A-31-01,TYPE_A,TOWER-1,,31,01,441,646.00,,,,,,,,,,,
create,paragon-signature-suite,A-31-02,TYPE_A,TOWER-1,,31,02,442,646.00,,,,,,,,,,,
create,paragon-signature-suite,A-31-03,TYPE_A,TOWER-1,,31,03,443,646.00,,,,,,,,,,,
create,paragon-signature-suite,A-31-05,TYPE_A,TOWER-1,,31,05,444,646.00,,,,,,,,,,,
create,paragon-signature-suite,A-31-06,TYPE_B,TOWER-1,,31,06,445,649.00,,,,,,,,,,,
create,paragon-signature-suite,A-31-07,TYPE_B,TOWER-1,,31,07,446,649.00,,,,,,,,,,,
create,paragon-signature-suite,A-31-08,TYPE_A,TOWER-1,,31,08,447,646.00,,,,,,,,,,,
create,paragon-signature-suite,A-31-09,TYPE_A,TOWER-1,,31,09,448,646.00,,,,,,,,,,,
create,paragon-signature-suite,A-31-10,TYPE_A,TOWER-1,,31,10,449,646.00,,,,,,,,,,,
create,paragon-signature-suite,A-31-11,TYPE_A,TOWER-1,,31,11,450,646.00,,,,,,,,,,,
create,paragon-signature-suite,A-31-12,TYPE_A,TOWER-1,,31,12,451,646.00,,,,,,,,,,,
create,paragon-signature-suite,A-31-13,TYPE_A,TOWER-1,,31,13,452,646.00,,,,,,,,,,,
create,paragon-signature-suite,A-31-15,TYPE_A,TOWER-1,,31,15,453,646.00,,,,,,,,,,,
create,paragon-signature-suite,A-31-16,TYPE_A,TOWER-1,,31,16,454,646.00,,,,,,,,,,,
create,paragon-signature-suite,A-31-17,TYPE_A,TOWER-1,,31,17,455,646.00,,,,,,,,,,,
create,paragon-signature-suite,A-31-18,TYPE_A,TOWER-1,,31,18,456,646.00,,,,,,,,,,,
create,paragon-signature-suite,A-31-19,TYPE_B,TOWER-1,,31,19,457,649.00,,,,,,,,,,,
create,paragon-signature-suite,A-31-20,TYPE_B,TOWER-1,,31,20,458,649.00,,,,,,,,,,,
create,paragon-signature-suite,A-31-21,TYPE_A,TOWER-1,,31,21,459,646.00,,,,,,,,,,,
create,paragon-signature-suite,A-31-22,TYPE_A,TOWER-1,,31,22,460,646.00,,,,,,,,,,,
create,paragon-signature-suite,A-31-23,TYPE_A,TOWER-1,,31,23,461,646.00,,,,,,,,,,,
create,paragon-signature-suite,A-31-25,TYPE_A,TOWER-1,,31,25,462,646.00,,,,,,,,,,,
create,paragon-signature-suite,A-32-01,TYPE_A,TOWER-1,,32,01,463,646.00,,,,,,,,,,,
create,paragon-signature-suite,A-32-02,TYPE_A,TOWER-1,,32,02,464,646.00,,,,,,,,,,,
create,paragon-signature-suite,A-32-03,TYPE_A,TOWER-1,,32,03,465,646.00,,,,,,,,,,,
create,paragon-signature-suite,A-32-05,TYPE_A,TOWER-1,,32,05,466,646.00,,,,,,,,,,,
create,paragon-signature-suite,A-32-06,TYPE_B,TOWER-1,,32,06,467,649.00,,,,,,,,,,,
create,paragon-signature-suite,A-32-07,TYPE_B,TOWER-1,,32,07,468,649.00,,,,,,,,,,,
create,paragon-signature-suite,A-32-08,TYPE_A,TOWER-1,,32,08,469,646.00,,,,,,,,,,,
create,paragon-signature-suite,A-32-09,TYPE_A,TOWER-1,,32,09,470,646.00,,,,,,,,,,,
create,paragon-signature-suite,A-32-10,TYPE_A,TOWER-1,,32,10,471,646.00,,,,,,,,,,,
create,paragon-signature-suite,A-32-11,TYPE_A,TOWER-1,,32,11,472,646.00,,,,,,,,,,,
create,paragon-signature-suite,A-32-12,TYPE_A,TOWER-1,,32,12,473,646.00,,,,,,,,,,,
create,paragon-signature-suite,A-32-13,TYPE_A,TOWER-1,,32,13,474,646.00,,,,,,,,,,,
create,paragon-signature-suite,A-32-15,TYPE_A,TOWER-1,,32,15,475,646.00,,,,,,,,,,,
create,paragon-signature-suite,A-32-16,TYPE_A,TOWER-1,,32,16,476,646.00,,,,,,,,,,,
create,paragon-signature-suite,A-32-17,TYPE_A,TOWER-1,,32,17,477,646.00,,,,,,,,,,,
create,paragon-signature-suite,A-32-18,TYPE_A,TOWER-1,,32,18,478,646.00,,,,,,,,,,,
create,paragon-signature-suite,A-32-19,TYPE_B,TOWER-1,,32,19,479,649.00,,,,,,,,,,,
create,paragon-signature-suite,A-32-20,TYPE_B,TOWER-1,,32,20,480,649.00,,,,,,,,,,,
create,paragon-signature-suite,A-32-21,TYPE_A,TOWER-1,,32,21,481,646.00,,,,,,,,,,,
create,paragon-signature-suite,A-32-22,TYPE_A,TOWER-1,,32,22,482,646.00,,,,,,,,,,,
create,paragon-signature-suite,A-32-23,TYPE_A,TOWER-1,,32,23,483,646.00,,,,,,,,,,,
create,paragon-signature-suite,A-32-25,TYPE_A,TOWER-1,,32,25,484,646.00,,,,,,,,,,,
